{
    "MEGCoordinateSystem": "Elekta",
    "MEGCoordinateUnits": "m",
    "HeadCoilCoordinates": {
        "NAS": [
            3.725290298461914e-09,
            0.09797191619873047,
            0.0
        ],
        "LPA": [
            -0.06871506571769714,
            0.0,
            1.4901161193847656e-08
        ],
        "RPA": [
            0.06631939858198166,
            0.0,
            1.4901161193847656e-08
        ],
        "coil1": [
            -0.05399739742279053,
            0.08092311024665833,
            0.051944658160209656
        ],
        "coil2": [
            0.0015177539316937327,
            0.10962742567062378,
            0.061692193150520325
        ],
        "coil3": [
            0.05239687114953995,
            0.0810631811618805,
            0.04758865013718605
        ],
        "coil4": [
            -0.06943270564079285,
            -0.020543962717056274,
            0.01936464011669159
        ],
        "coil5": [
            0.06585055589675903,
            -0.022004248574376106,
            0.014962181448936462
        ]
    },
    "HeadCoilCoordinateSystem": "RAS",
    "HeadCoilCoordinateUnits": "m"
}
