{
    "MEGCoordinateSystem": "Elekta",
    "MEGCoordinateUnits": "m",
    "HeadCoilCoordinates": {
        "NAS": [
            -7.450580596923828e-09,
            0.10007451474666595,
            0.0
        ],
        "LPA": [
            -0.07139711081981659,
            0.0,
            0.0
        ],
        "RPA": [
            0.06987223029136658,
            0.0,
            -3.725290298461914e-09
        ],
        "coil1": [
            -0.0474555604159832,
            0.09115216135978699,
            0.05452727898955345
        ],
        "coil2": [
            -0.006728907115757465,
            0.11229468137025833,
            0.060384780168533325
        ],
        "coil3": [
            -0.07368241995573044,
            -0.014445989392697811,
            0.017948683351278305
        ],
        "coil4": [
            0.07116138935089111,
            -0.014630556106567383,
            0.014988385140895844
        ],
        "coil5": [
            0.040015771985054016,
            0.09782072901725769,
            0.06470796465873718
        ]
    },
    "HeadCoilCoordinateSystem": "RAS",
    "HeadCoilCoordinateUnits": "m"
}
