{
    "MEGCoordinateSystem": "Elekta",
    "MEGCoordinateUnits": "m",
    "HeadCoilCoordinates": {
        "NAS": [
            2.8085196390748024e-09,
            0.09334024786949158,
            -1.4901161193847656e-08
        ],
        "LPA": [
            -0.07494250684976578,
            0.0,
            -1.4901161193847656e-08
        ],
        "RPA": [
            0.07216145098209381,
            0.0,
            -7.450580596923828e-09
        ],
        "coil1": [
            -0.05641224607825279,
            0.07194167375564575,
            0.05746738612651825
        ],
        "coil2": [
            -0.003336035879328847,
            0.09851318597793579,
            0.06389448046684265
        ],
        "coil3": [
            -0.07576639950275421,
            -0.023285239934921265,
            0.01820656843483448
        ],
        "coil4": [
            0.07057449966669083,
            -0.021951109170913696,
            0.014868914149701595
        ],
        "coil5": [
            0.057190023362636566,
            0.07512536644935608,
            0.04511002451181412
        ]
    },
    "HeadCoilCoordinateSystem": "RAS",
    "HeadCoilCoordinateUnits": "m"
}
