{
    "MEGCoordinateSystem": "Elekta",
    "MEGCoordinateUnits": "m",
    "HeadCoilCoordinates": {
        "NAS": [
            -6.05359673500061e-09,
            0.09488555788993835,
            0.0
        ],
        "LPA": [
            -0.07016751915216446,
            -2.9802322387695312e-08,
            -1.4901161193847656e-08
        ],
        "RPA": [
            0.07288507372140884,
            -2.9802322387695312e-08,
            -1.4901161193847656e-08
        ],
        "coil1": [
            -0.04211297258734703,
            0.0919208824634552,
            0.05720072239637375
        ],
        "coil2": [
            0.010999038815498352,
            0.10751643776893616,
            0.059382714331150055
        ],
        "coil3": [
            -0.0677948147058487,
            -0.014860094524919987,
            0.013407126069068909
        ],
        "coil4": [
            0.07923528552055359,
            -0.023262053728103638,
            0.008109845221042633
        ],
        "coil5": [
            0.051109641790390015,
            0.09606108069419861,
            0.058629535138607025
        ]
    },
    "HeadCoilCoordinateSystem": "RAS",
    "HeadCoilCoordinateUnits": "m"
}
