{
    "MEGCoordinateSystem": "Elekta",
    "MEGCoordinateUnits": "m",
    "HeadCoilCoordinates": {
        "NAS": [
            7.450580596923828e-09,
            0.09896889328956604,
            0.0
        ],
        "LPA": [
            -0.06839361786842346,
            -5.960464477539063e-08,
            -7.450580596923828e-09
        ],
        "RPA": [
            0.0686444416642189,
            -5.960464477539063e-08,
            0.0
        ],
        "coil1": [
            -0.04864868149161339,
            0.08227324485778809,
            0.04771491140127182
        ],
        "coil2": [
            -0.0001674369996180758,
            0.10294806957244873,
            0.061392031610012054
        ],
        "coil3": [
            0.05426110699772835,
            0.07720789313316345,
            0.04997152462601662
        ],
        "coil4": [
            -0.0685434639453888,
            -0.021219760179519653,
            0.018448930233716965
        ],
        "coil5": [
            0.06952714174985886,
            -0.019207864999771118,
            0.01905529946088791
        ]
    },
    "HeadCoilCoordinateSystem": "RAS",
    "HeadCoilCoordinateUnits": "m"
}
