{
    "MEGCoordinateSystem": "Elekta",
    "MEGCoordinateUnits": "m",
    "HeadCoilCoordinates": {
        "NAS": [
            3.725290298461914e-09,
            0.09330585598945618,
            0.0
        ],
        "LPA": [
            -0.07094772160053253,
            0.0,
            0.0
        ],
        "RPA": [
            0.06776906549930573,
            0.0,
            7.450580596923828e-09
        ],
        "coil1": [
            0.07560436427593231,
            -0.01722872443497181,
            0.02327914349734783
        ],
        "coil2": [
            0.043695367872714996,
            0.0889742374420166,
            0.05986988544464111
        ],
        "coil3": [
            -0.0025250520557165146,
            0.10696953535079956,
            0.056977108120918274
        ],
        "coil4": [
            -0.04855680093169212,
            0.08930608630180359,
            0.05575443431735039
        ],
        "coil5": [
            -0.07882173359394073,
            -0.016198307275772095,
            0.02727276086807251
        ]
    },
    "HeadCoilCoordinateSystem": "RAS",
    "HeadCoilCoordinateUnits": "m"
}
