{
    "MEGCoordinateSystem": "Elekta",
    "MEGCoordinateUnits": "m",
    "HeadCoilCoordinates": {
        "NAS": [
            -5.587935447692871e-09,
            0.10186144709587097,
            -7.450580596923828e-09
        ],
        "LPA": [
            -0.07303781062364578,
            2.9802322387695312e-08,
            -7.450580596923828e-09
        ],
        "RPA": [
            0.07436604052782059,
            0.0,
            -7.450580596923828e-09
        ],
        "coil1": [
            -0.047172002494335175,
            0.087360680103302,
            0.05587894842028618
        ],
        "coil2": [
            -0.0027498381678014994,
            0.10697329044342041,
            0.06250467896461487
        ],
        "coil3": [
            0.043388910591602325,
            0.09043529629707336,
            0.06567629426717758
        ],
        "coil4": [
            -0.07173068821430206,
            -0.018842041492462158,
            0.015574093908071518
        ],
        "coil5": [
            0.07309158146381378,
            -0.021483972668647766,
            0.014030552469193935
        ]
    },
    "HeadCoilCoordinateSystem": "RAS",
    "HeadCoilCoordinateUnits": "m"
}
