{
    "MEGCoordinateSystem": "Elekta",
    "MEGCoordinateUnits": "m",
    "HeadCoilCoordinates": {
        "NAS": [
            3.725290298461914e-09,
            0.09823960065841675,
            7.450580596923828e-09
        ],
        "LPA": [
            -0.07052043825387955,
            2.9802322387695312e-08,
            7.450580596923828e-09
        ],
        "RPA": [
            0.07029692828655243,
            0.0,
            3.725290298461914e-09
        ],
        "coil1": [
            -0.05032166838645935,
            0.08315327763557434,
            0.05528654158115387
        ],
        "coil2": [
            -0.005524006672203541,
            0.10876044631004333,
            0.055490270256996155
        ],
        "coil3": [
            -0.0723869800567627,
            -0.018478721380233765,
            0.01912972703576088
        ],
        "coil4": [
            0.05377907678484917,
            0.0768134593963623,
            0.05699155107140541
        ],
        "coil5": [
            0.06879095733165741,
            -0.023393899202346802,
            0.01049286499619484
        ]
    },
    "HeadCoilCoordinateSystem": "RAS",
    "HeadCoilCoordinateUnits": "m"
}
