{
    "MEGCoordinateSystem": "Elekta",
    "MEGCoordinateUnits": "m",
    "HeadCoilCoordinates": {
        "NAS": [
            7.967173587530851e-10,
            0.10120204091072083,
            -1.1175870895385742e-08
        ],
        "LPA": [
            -0.07217513769865036,
            -1.4901161193847656e-08,
            -1.862645149230957e-09
        ],
        "RPA": [
            0.06518232077360153,
            0.0,
            -1.862645149230957e-09
        ],
        "coil1": [
            0.005100768990814686,
            0.11166860163211823,
            0.054362840950489044
        ],
        "coil2": [
            -0.05908593535423279,
            0.0747225433588028,
            0.06147591769695282
        ],
        "coil3": [
            -0.07326184958219528,
            -0.016734600067138672,
            0.018870219588279724
        ],
        "coil4": [
            0.05705944076180458,
            0.0679652988910675,
            0.0665348470211029
        ],
        "coil5": [
            0.06399958580732346,
            -0.02339845895767212,
            0.010775752365589142
        ]
    },
    "HeadCoilCoordinateSystem": "RAS",
    "HeadCoilCoordinateUnits": "m"
}
