{
    "MEGCoordinateSystem": "Elekta",
    "MEGCoordinateUnits": "m",
    "HeadCoilCoordinates": {
        "NAS": [
            1.1175870895385742e-08,
            0.10539603233337402,
            0.0
        ],
        "LPA": [
            -0.0685867890715599,
            -2.9802322387695312e-08,
            7.450580596923828e-09
        ],
        "RPA": [
            0.07516530156135559,
            0.0,
            7.450580596923828e-09
        ],
        "coil1": [
            0.0770343467593193,
            -0.022309064865112305,
            0.010685570538043976
        ],
        "coil2": [
            0.061606455594301224,
            0.07929280400276184,
            0.05904904752969742
        ],
        "coil3": [
            0.003291473025456071,
            0.10820451378822327,
            0.07029683887958527
        ],
        "coil4": [
            -0.0568273551762104,
            0.07920297980308533,
            0.05498985946178436
        ],
        "coil5": [
            -0.07153424620628357,
            -0.01671367883682251,
            0.02090173214673996
        ]
    },
    "HeadCoilCoordinateSystem": "RAS",
    "HeadCoilCoordinateUnits": "m"
}
