{
    "MEGCoordinateSystem": "Elekta",
    "MEGCoordinateUnits": "m",
    "HeadCoilCoordinates": {
        "NAS": [
            -1.3969838619232178e-09,
            0.09283217787742615,
            1.4901161193847656e-08
        ],
        "LPA": [
            -0.0650189220905304,
            2.9802322387695312e-08,
            1.4901161193847656e-08
        ],
        "RPA": [
            0.06607308238744736,
            0.0,
            1.4901161193847656e-08
        ],
        "coil1": [
            0.0018379170214757323,
            0.10906454920768738,
            0.061375588178634644
        ],
        "coil2": [
            -0.040163516998291016,
            0.09069347381591797,
            0.061348844319581985
        ],
        "coil3": [
            -0.06772499531507492,
            -0.021034494042396545,
            0.017658978700637817
        ],
        "coil4": [
            0.06911144405603409,
            -0.017951175570487976,
            0.014623284339904785
        ],
        "coil5": [
            0.0484437420964241,
            0.090553879737854,
            0.05785106122493744
        ]
    },
    "HeadCoilCoordinateSystem": "RAS",
    "HeadCoilCoordinateUnits": "m"
}
