{
    "MEGCoordinateSystem": "Elekta",
    "MEGCoordinateUnits": "m",
    "HeadCoilCoordinates": {
        "NAS": [
            -3.725290298461914e-09,
            0.09360331296920776,
            0.0
        ],
        "LPA": [
            -0.06937342882156372,
            -2.9802322387695312e-08,
            -7.450580596923828e-09
        ],
        "RPA": [
            0.06879296153783798,
            0.0,
            0.0
        ],
        "coil1": [
            -0.003401246154680848,
            0.10376831889152527,
            0.06272277235984802
        ],
        "coil2": [
            -0.04603145271539688,
            0.08968070149421692,
            0.05456458032131195
        ],
        "coil3": [
            -0.07693661749362946,
            -0.013920813798904419,
            0.023943118751049042
        ],
        "coil4": [
            0.07620343565940857,
            -0.019166767597198486,
            0.022734567523002625
        ],
        "coil5": [
            0.03953098505735397,
            0.09357121586799622,
            0.061262406408786774
        ]
    },
    "HeadCoilCoordinateSystem": "RAS",
    "HeadCoilCoordinateUnits": "m"
}
