{
    "MEGCoordinateSystem": "Elekta",
    "MEGCoordinateUnits": "m",
    "HeadCoilCoordinates": {
        "NAS": [
            7.450580596923828e-09,
            0.1051979660987854,
            -2.9802322387695312e-08
        ],
        "LPA": [
            -0.07198192179203033,
            0.0,
            -1.4901161193847656e-08
        ],
        "RPA": [
            0.07048764824867249,
            0.0,
            -2.2351741790771484e-08
        ],
        "coil1": [
            -0.0759856179356575,
            -0.02175775170326233,
            0.01368974894285202
        ],
        "coil2": [
            -0.05452931672334671,
            0.08444642275571823,
            0.06408952921628952
        ],
        "coil3": [
            0.0013780409935861826,
            0.10916909575462341,
            0.0677223727107048
        ],
        "coil4": [
            0.050733499228954315,
            0.08071362972259521,
            0.07639037072658539
        ],
        "coil5": [
            0.07619111239910126,
            -0.018071679398417473,
            0.013557381927967072
        ]
    },
    "HeadCoilCoordinateSystem": "RAS",
    "HeadCoilCoordinateUnits": "m"
}
