{
    "MEGCoordinateSystem": "Elekta",
    "MEGCoordinateUnits": "m",
    "HeadCoilCoordinates": {
        "NAS": [
            1.862645149230957e-09,
            0.09961631894111633,
            7.450580596923828e-09
        ],
        "LPA": [
            -0.07417216897010803,
            0.0,
            2.2351741790771484e-08
        ],
        "RPA": [
            0.07396992295980453,
            0.0,
            7.450580596923828e-09
        ],
        "coil1": [
            -0.05971554294228554,
            0.07054737210273743,
            0.07280217111110687
        ],
        "coil2": [
            0.0025699438992887735,
            0.09885650873184204,
            0.0726279467344284
        ],
        "coil3": [
            0.06714087724685669,
            0.06774014234542847,
            0.06920682638883591
        ],
        "coil4": [
            -0.07521778345108032,
            -0.02085954137146473,
            0.020089149475097656
        ],
        "coil5": [
            0.07301908731460571,
            -0.025164693593978882,
            0.014707207679748535
        ]
    },
    "HeadCoilCoordinateSystem": "RAS",
    "HeadCoilCoordinateUnits": "m"
}
