{
    "MEGCoordinateSystem": "Elekta",
    "MEGCoordinateUnits": "m",
    "HeadCoilCoordinates": {
        "NAS": [
            0.0,
            0.10683658719062805,
            0.0
        ],
        "LPA": [
            -0.0731787160038948,
            -2.9802322387695312e-08,
            0.0
        ],
        "RPA": [
            0.07389680296182632,
            0.0,
            0.0
        ],
        "coil1": [
            0.0748414695262909,
            -0.015392214059829712,
            0.01410967018455267
        ],
        "coil2": [
            0.042835719883441925,
            0.09690213203430176,
            0.06686391681432724
        ],
        "coil3": [
            -0.00564371794462204,
            0.11239910125732422,
            0.06607569009065628
        ],
        "coil4": [
            -0.049206893891096115,
            0.09488442540168762,
            0.06718658655881882
        ],
        "coil5": [
            -0.07346400618553162,
            -0.01709061861038208,
            0.017485886812210083
        ]
    },
    "HeadCoilCoordinateSystem": "RAS",
    "HeadCoilCoordinateUnits": "m"
}
