{
    "MEGCoordinateSystem": "Elekta",
    "MEGCoordinateUnits": "m",
    "HeadCoilCoordinates": {
        "NAS": [
            -3.259629011154175e-09,
            0.09621395170688629,
            0.0
        ],
        "LPA": [
            -0.06492090970277786,
            -1.4901161193847656e-08,
            0.0
        ],
        "RPA": [
            0.06603812426328659,
            -1.4901161193847656e-08,
            -7.450580596923828e-09
        ],
        "coil1": [
            -0.07186906039714813,
            -0.008760020136833191,
            0.018671149387955666
        ],
        "coil2": [
            -0.04742421209812164,
            0.08775201439857483,
            0.058038532733917236
        ],
        "coil3": [
            -0.0019212000770494342,
            0.10420466214418411,
            0.06301389634609222
        ],
        "coil4": [
            0.03939447179436684,
            0.09484174847602844,
            0.06259661167860031
        ],
        "coil5": [
            0.07231114059686661,
            -0.00993832852691412,
            0.018985463306307793
        ]
    },
    "HeadCoilCoordinateSystem": "RAS",
    "HeadCoilCoordinateUnits": "m"
}
