{
    "MEGCoordinateSystem": "Elekta",
    "MEGCoordinateUnits": "m",
    "HeadCoilCoordinates": {
        "NAS": [
            7.450580596923828e-09,
            0.11003848910331726,
            0.0
        ],
        "LPA": [
            -0.07186263799667358,
            0.0,
            -1.4901161193847656e-08
        ],
        "RPA": [
            0.07511135190725327,
            2.9802322387695312e-08,
            -1.4901161193847656e-08
        ],
        "coil1": [
            -0.04528214409947395,
            0.09279224276542664,
            0.0516652911901474
        ],
        "coil2": [
            0.005442813038825989,
            0.1112402081489563,
            0.05525495484471321
        ],
        "coil3": [
            -0.07372017204761505,
            -0.018590599298477173,
            0.02305721864104271
        ],
        "coil4": [
            0.07735684514045715,
            -0.0273282527923584,
            0.01428067684173584
        ],
        "coil5": [
            0.06059672310948372,
            0.0758795440196991,
            0.047346752136945724
        ]
    },
    "HeadCoilCoordinateSystem": "RAS",
    "HeadCoilCoordinateUnits": "m"
}
