{
    "MEGCoordinateSystem": "Elekta",
    "MEGCoordinateUnits": "m",
    "HeadCoilCoordinates": {
        "NAS": [
            -6.28642737865448e-09,
            0.0992065966129303,
            1.4901161193847656e-08
        ],
        "LPA": [
            -0.07360261678695679,
            0.0,
            2.2351741790771484e-08
        ],
        "RPA": [
            0.07548055052757263,
            0.0,
            2.2351741790771484e-08
        ],
        "coil1": [
            -0.007108291145414114,
            0.10602882504463196,
            0.047496646642684937
        ],
        "coil2": [
            -0.05243096873164177,
            0.09088665246963501,
            0.049379412084817886
        ],
        "coil3": [
            -0.07505198568105698,
            -0.015282779932022095,
            0.022019650787115097
        ],
        "coil4": [
            0.0793372094631195,
            -0.01192137598991394,
            0.02645498514175415
        ],
        "coil5": [
            0.034348804503679276,
            0.1013992428779602,
            0.04958892613649368
        ]
    },
    "HeadCoilCoordinateSystem": "RAS",
    "HeadCoilCoordinateUnits": "m"
}
