{
    "MEGCoordinateSystem": "Elekta",
    "MEGCoordinateUnits": "m",
    "HeadCoilCoordinates": {
        "NAS": [
            -1.0244548320770264e-08,
            0.10560581088066101,
            1.4901161193847656e-08
        ],
        "LPA": [
            -0.0724450945854187,
            2.9802322387695312e-08,
            2.2351741790771484e-08
        ],
        "RPA": [
            0.07335971295833588,
            0.0,
            3.725290298461914e-08
        ],
        "coil1": [
            -0.07353616505861282,
            -0.01235044002532959,
            0.01719815284013748
        ],
        "coil2": [
            -0.04711926355957985,
            0.09651955962181091,
            0.06406944245100021
        ],
        "coil3": [
            -0.007238138932734728,
            0.11258888244628906,
            0.0624123215675354
        ],
        "coil4": [
            0.03570146858692169,
            0.10106316208839417,
            0.065535768866539
        ],
        "coil5": [
            0.07501333206892014,
            -0.01180571224540472,
            0.01792769879102707
        ]
    },
    "HeadCoilCoordinateSystem": "RAS",
    "HeadCoilCoordinateUnits": "m"
}
