{
    "MEGCoordinateSystem": "Elekta",
    "MEGCoordinateUnits": "m",
    "HeadCoilCoordinates": {
        "NAS": [
            5.005858838558197e-09,
            0.09316587448120117,
            -7.450580596923828e-09
        ],
        "LPA": [
            -0.0628819465637207,
            2.9802322387695312e-08,
            -1.4901161193847656e-08
        ],
        "RPA": [
            0.061805590987205505,
            2.9802322387695312e-08,
            -1.4901161193847656e-08
        ],
        "coil1": [
            -0.07339897751808167,
            -0.009185791015625,
            0.045084837824106216
        ],
        "coil2": [
            -0.05381397530436516,
            0.0742044448852539,
            0.07251939922571182
        ],
        "coil3": [
            0.0014009330188855529,
            0.10708621144294739,
            0.07194710522890091
        ],
        "coil4": [
            0.060124848037958145,
            0.06603071093559265,
            0.0632820799946785
        ],
        "coil5": [
            0.06987325847148895,
            -0.015234798192977905,
            0.04215838387608528
        ]
    },
    "HeadCoilCoordinateSystem": "RAS",
    "HeadCoilCoordinateUnits": "m"
}
