{
    "MEGCoordinateSystem": "Elekta",
    "MEGCoordinateUnits": "m",
    "HeadCoilCoordinates": {
        "NAS": [
            -9.313225746154785e-09,
            0.10077744722366333,
            1.4901161193847656e-08
        ],
        "LPA": [
            -0.07617494463920593,
            0.0,
            -1.4901161193847656e-08
        ],
        "RPA": [
            0.07299938797950745,
            0.0,
            0.0
        ],
        "coil1": [
            -0.057731956243515015,
            0.07696795463562012,
            0.05999577045440674
        ],
        "coil2": [
            0.004245483782142401,
            0.1029394268989563,
            0.057761698961257935
        ],
        "coil3": [
            0.057254642248153687,
            0.0779457688331604,
            0.0594312846660614
        ],
        "coil4": [
            -0.07685887813568115,
            -0.020287634804844856,
            0.019214533269405365
        ],
        "coil5": [
            0.07279108464717865,
            -0.02278110384941101,
            0.018216311931610107
        ]
    },
    "HeadCoilCoordinateSystem": "RAS",
    "HeadCoilCoordinateUnits": "m"
}
