{
    "MEGCoordinateSystem": "Elekta",
    "MEGCoordinateUnits": "m",
    "HeadCoilCoordinates": {
        "NAS": [
            1.862645149230957e-09,
            0.09984186291694641,
            0.0
        ],
        "LPA": [
            -0.07367461919784546,
            0.0,
            0.0
        ],
        "RPA": [
            0.07403653860092163,
            0.0,
            -7.450580596923828e-09
        ],
        "coil1": [
            -0.062499843537807465,
            0.07181277871131897,
            0.06315729767084122
        ],
        "coil2": [
            -0.002099565928801894,
            0.0984133780002594,
            0.06982091069221497
        ],
        "coil3": [
            0.06778332591056824,
            0.06708532571792603,
            0.06616372615098953
        ],
        "coil4": [
            -0.07541413605213165,
            -0.01942145638167858,
            0.019418079406023026
        ],
        "coil5": [
            0.07372760027647018,
            -0.02324467897415161,
            0.01461181789636612
        ]
    },
    "HeadCoilCoordinateSystem": "RAS",
    "HeadCoilCoordinateUnits": "m"
}
