{
    "MEGCoordinateSystem": "Elekta",
    "MEGCoordinateUnits": "m",
    "HeadCoilCoordinates": {
        "NAS": [
            1.0244548320770264e-08,
            0.11135202646255493,
            1.4901161193847656e-08
        ],
        "LPA": [
            -0.06798283010721207,
            2.9802322387695312e-08,
            0.0
        ],
        "RPA": [
            0.06842705607414246,
            0.0,
            7.450580596923828e-09
        ],
        "coil1": [
            -0.07333201169967651,
            -0.006741016637533903,
            0.018666736781597137
        ],
        "coil2": [
            -0.04376472160220146,
            0.09235000610351562,
            0.0747261568903923
        ],
        "coil3": [
            0.005214876960963011,
            0.1126088798046112,
            0.07728661596775055
        ],
        "coil4": [
            0.04945006221532822,
            0.09330925345420837,
            0.07523295283317566
        ],
        "coil5": [
            0.07278488576412201,
            -0.013066350482404232,
            0.016870783641934395
        ]
    },
    "HeadCoilCoordinateSystem": "RAS",
    "HeadCoilCoordinateUnits": "m"
}
