{
    "MEGCoordinateSystem": "Elekta",
    "MEGCoordinateUnits": "m",
    "HeadCoilCoordinates": {
        "NAS": [
            2.3283064365386963e-09,
            0.09213614463806152,
            1.4901161193847656e-08
        ],
        "LPA": [
            -0.0698913112282753,
            -2.9802322387695312e-08,
            0.0
        ],
        "RPA": [
            0.06747984141111374,
            -2.9802322387695312e-08,
            0.0
        ],
        "coil1": [
            -0.0025056470185518265,
            0.09495574235916138,
            0.06571633368730545
        ],
        "coil2": [
            -0.05752231180667877,
            0.07048764824867249,
            0.056612953543663025
        ],
        "coil3": [
            0.04804712533950806,
            0.07326099276542664,
            0.07111950218677521
        ],
        "coil4": [
            -0.07182484865188599,
            -0.024076102301478386,
            0.00981908943504095
        ],
        "coil5": [
            0.06725466251373291,
            -0.021470367908477783,
            0.013813290745019913
        ]
    },
    "HeadCoilCoordinateSystem": "RAS",
    "HeadCoilCoordinateUnits": "m"
}
