{
    "MEGCoordinateSystem": "Elekta",
    "MEGCoordinateUnits": "m",
    "HeadCoilCoordinates": {
        "NAS": [
            -3.4924596548080444e-09,
            0.11107784509658813,
            0.0
        ],
        "LPA": [
            -0.0692971721291542,
            0.0,
            7.450580596923828e-09
        ],
        "RPA": [
            0.06774391233921051,
            0.0,
            1.4901161193847656e-08
        ],
        "coil1": [
            -0.0738891139626503,
            -0.008191407658159733,
            0.01952168345451355
        ],
        "coil2": [
            -0.04587867856025696,
            0.09177252650260925,
            0.07436874508857727
        ],
        "coil3": [
            -0.004705218598246574,
            0.11282497644424438,
            0.07751365005970001
        ],
        "coil4": [
            0.043039627373218536,
            0.09535655379295349,
            0.0811455249786377
        ],
        "coil5": [
            0.07173821330070496,
            -0.012419462203979492,
            0.017886780202388763
        ]
    },
    "HeadCoilCoordinateSystem": "RAS",
    "HeadCoilCoordinateUnits": "m"
}
