{
    "MEGCoordinateSystem": "Elekta",
    "MEGCoordinateUnits": "m",
    "HeadCoilCoordinates": {
        "NAS": [
            3.725290298461914e-09,
            0.09985695779323578,
            7.450580596923828e-09
        ],
        "LPA": [
            -0.07226908206939697,
            -2.9802322387695312e-08,
            0.0
        ],
        "RPA": [
            0.07111519575119019,
            2.9802322387695312e-08,
            0.0
        ],
        "coil1": [
            -0.04763735085725784,
            0.08932346105575562,
            0.05774763226509094
        ],
        "coil2": [
            -0.0008669159724377096,
            0.11088013648986816,
            0.0660598948597908
        ],
        "coil3": [
            -0.07280535250902176,
            -0.01635804772377014,
            0.01427802350372076
        ],
        "coil4": [
            0.06950131803750992,
            -0.022712036967277527,
            0.009945660829544067
        ],
        "coil5": [
            0.04487469047307968,
            0.09020912647247314,
            0.06776079535484314
        ]
    },
    "HeadCoilCoordinateSystem": "RAS",
    "HeadCoilCoordinateUnits": "m"
}
