{
    "MEGCoordinateSystem": "Elekta",
    "MEGCoordinateUnits": "m",
    "HeadCoilCoordinates": {
        "NAS": [
            6.752088665962219e-09,
            0.09279283881187439,
            -7.450580596923828e-09
        ],
        "LPA": [
            -0.06882669776678085,
            0.0,
            0.0
        ],
        "RPA": [
            0.06879030913114548,
            0.0,
            -7.450580596923828e-09
        ],
        "coil1": [
            -0.05190259963274002,
            0.07517996430397034,
            0.06251545250415802
        ],
        "coil2": [
            -0.0033539230935275555,
            0.09569427371025085,
            0.06722413003444672
        ],
        "coil3": [
            0.052914123982191086,
            0.07420754432678223,
            0.06605833023786545
        ],
        "coil4": [
            -0.07072815299034119,
            -0.020064236596226692,
            0.013073060661554337
        ],
        "coil5": [
            0.06899072974920273,
            -0.020219773054122925,
            0.016938336193561554
        ]
    },
    "HeadCoilCoordinateSystem": "RAS",
    "HeadCoilCoordinateUnits": "m"
}
