{
    "MEGCoordinateSystem": "Elekta",
    "MEGCoordinateUnits": "m",
    "HeadCoilCoordinates": {
        "NAS": [
            -1.280568540096283e-09,
            0.09315472841262817,
            -7.450580596923828e-09
        ],
        "LPA": [
            -0.06973934173583984,
            0.0,
            0.0
        ],
        "RPA": [
            0.07277580350637436,
            0.0,
            -7.450580596923828e-09
        ],
        "coil1": [
            0.07446447759866714,
            -0.015987753868103027,
            0.02357691153883934
        ],
        "coil2": [
            0.050134241580963135,
            0.08132913708686829,
            0.07214649021625519
        ],
        "coil3": [
            0.0034077109303325415,
            0.1007375419139862,
            0.07677536457777023
        ],
        "coil4": [
            -0.052703309804201126,
            0.08178114891052246,
            0.06250078231096268
        ],
        "coil5": [
            -0.07380522042512894,
            -0.021219879388809204,
            0.02207762375473976
        ]
    },
    "HeadCoilCoordinateSystem": "RAS",
    "HeadCoilCoordinateUnits": "m"
}
