{
    "MEGCoordinateSystem": "Elekta",
    "MEGCoordinateUnits": "m",
    "HeadCoilCoordinates": {
        "NAS": [
            -1.257285475730896e-08,
            0.1014663428068161,
            -3.725290298461914e-09
        ],
        "LPA": [
            -0.07184349745512009,
            0.0,
            -1.862645149230957e-09
        ],
        "RPA": [
            0.06456918269395828,
            -1.4901161193847656e-08,
            -1.862645149230957e-09
        ],
        "coil1": [
            -0.002177460817620158,
            0.11104679107666016,
            0.056364256888628006
        ],
        "coil2": [
            -0.05728680267930031,
            0.08116976916790009,
            0.058087579905986786
        ],
        "coil3": [
            -0.07283732295036316,
            -0.02213384211063385,
            0.016618896275758743
        ],
        "coil4": [
            0.058268167078495026,
            0.06772904098033905,
            0.06021127849817276
        ],
        "coil5": [
            0.06386779248714447,
            -0.022528456524014473,
            0.014347360469400883
        ]
    },
    "HeadCoilCoordinateSystem": "RAS",
    "HeadCoilCoordinateUnits": "m"
}
