{
    "MEGCoordinateSystem": "Elekta",
    "MEGCoordinateUnits": "m",
    "HeadCoilCoordinates": {
        "NAS": [
            -3.725290298461914e-09,
            0.10994389653205872,
            0.0
        ],
        "LPA": [
            -0.0711584985256195,
            -2.9802322387695312e-08,
            -7.450580596923828e-09
        ],
        "RPA": [
            0.07497258484363556,
            0.0,
            0.0
        ],
        "coil1": [
            -0.05030746012926102,
            0.08497118949890137,
            0.054242994636297226
        ],
        "coil2": [
            0.0022763418965041637,
            0.10979640483856201,
            0.057721786201000214
        ],
        "coil3": [
            0.06052440404891968,
            0.07668662071228027,
            0.04530423879623413
        ],
        "coil4": [
            -0.07406502217054367,
            -0.022552937269210815,
            0.021545149385929108
        ],
        "coil5": [
            0.07858999073505402,
            -0.023295581340789795,
            0.020404303446412086
        ]
    },
    "HeadCoilCoordinateSystem": "RAS",
    "HeadCoilCoordinateUnits": "m"
}
