{
    "MEGCoordinateSystem": "Elekta",
    "MEGCoordinateUnits": "m",
    "HeadCoilCoordinates": {
        "NAS": [
            -1.0244548320770264e-08,
            0.10138261318206787,
            1.4901161193847656e-08
        ],
        "LPA": [
            -0.06891427934169769,
            2.9802322387695312e-08,
            2.9802322387695312e-08
        ],
        "RPA": [
            0.07506971061229706,
            0.0,
            3.725290298461914e-08
        ],
        "coil1": [
            0.07559512555599213,
            -0.026995792984962463,
            0.009505420923233032
        ],
        "coil2": [
            0.04750986397266388,
            0.08754438161849976,
            0.07095995545387268
        ],
        "coil3": [
            0.004389456007629633,
            0.10099858045578003,
            0.07407420128583908
        ],
        "coil4": [
            -0.046162500977516174,
            0.08530285954475403,
            0.06259343028068542
        ],
        "coil5": [
            -0.07212474942207336,
            -0.01650109887123108,
            0.017566144466400146
        ]
    },
    "HeadCoilCoordinateSystem": "RAS",
    "HeadCoilCoordinateUnits": "m"
}
