{
    "MEGCoordinateSystem": "Elekta",
    "MEGCoordinateUnits": "m",
    "HeadCoilCoordinates": {
        "NAS": [
            -3.725290298461914e-09,
            0.10338026285171509,
            0.0
        ],
        "LPA": [
            -0.07250397652387619,
            2.9802322387695312e-08,
            0.0
        ],
        "RPA": [
            0.07520948350429535,
            0.0,
            0.0
        ],
        "coil1": [
            -0.04796500504016876,
            0.08556097745895386,
            0.05837158113718033
        ],
        "coil2": [
            0.007236812263727188,
            0.10629239678382874,
            0.06881987303495407
        ],
        "coil3": [
            0.047295745462179184,
            0.08840295672416687,
            0.0658770427107811
        ],
        "coil4": [
            -0.07109928131103516,
            -0.016912104561924934,
            0.014524283818900585
        ],
        "coil5": [
            0.07369031012058258,
            -0.023795127868652344,
            0.017727145925164223
        ]
    },
    "HeadCoilCoordinateSystem": "RAS",
    "HeadCoilCoordinateUnits": "m"
}
