{
    "MEGCoordinateSystem": "Elekta",
    "MEGCoordinateUnits": "m",
    "HeadCoilCoordinates": {
        "NAS": [
            -3.725290298461914e-09,
            0.08816647529602051,
            -1.4901161193847656e-08
        ],
        "LPA": [
            -0.06450898200273514,
            -1.4901161193847656e-08,
            0.0
        ],
        "RPA": [
            0.06654258072376251,
            -2.9802322387695312e-08,
            -1.4901161193847656e-08
        ],
        "coil1": [
            -0.04770151525735855,
            0.07601486146450043,
            0.059210315346717834
        ],
        "coil2": [
            0.0018928049830719829,
            0.09874841570854187,
            0.06288784742355347
        ],
        "coil3": [
            0.05146373063325882,
            0.0698087215423584,
            0.05571388453245163
        ],
        "coil4": [
            -0.06682714819908142,
            -0.020011065527796745,
            0.010250844061374664
        ],
        "coil5": [
            0.0700097531080246,
            -0.020417287945747375,
            0.01575782522559166
        ]
    },
    "HeadCoilCoordinateSystem": "RAS",
    "HeadCoilCoordinateUnits": "m"
}
