{
    "MEGCoordinateSystem": "Elekta",
    "MEGCoordinateUnits": "m",
    "HeadCoilCoordinates": {
        "NAS": [
            -9.313225746154785e-09,
            0.09921947121620178,
            0.0
        ],
        "LPA": [
            -0.07533138245344162,
            0.0,
            -2.2351741790771484e-08
        ],
        "RPA": [
            0.07626379281282425,
            0.0,
            -1.4901161193847656e-08
        ],
        "coil1": [
            0.001345092081464827,
            0.10997480154037476,
            0.0670454129576683
        ],
        "coil2": [
            -0.0383661612868309,
            0.09617769718170166,
            0.06365363299846649
        ],
        "coil3": [
            -0.07815639674663544,
            -0.02199530601501465,
            0.015175669454038143
        ],
        "coil4": [
            0.07677341997623444,
            -0.02062317728996277,
            0.011176987551152706
        ],
        "coil5": [
            0.04427473619580269,
            0.0928298830986023,
            0.06461663544178009
        ]
    },
    "HeadCoilCoordinateSystem": "RAS",
    "HeadCoilCoordinateUnits": "m"
}
