{
    "MEGCoordinateSystem": "Elekta",
    "MEGCoordinateUnits": "m",
    "HeadCoilCoordinates": {
        "NAS": [
            8.381903171539307e-09,
            0.0952836275100708,
            -7.450580596923828e-09
        ],
        "LPA": [
            -0.07174249738454819,
            0.0,
            -7.450580596923828e-09
        ],
        "RPA": [
            0.07056810706853867,
            0.0,
            -7.450580596923828e-09
        ],
        "coil1": [
            -0.04767467454075813,
            0.09393870830535889,
            0.05532409995794296
        ],
        "coil2": [
            0.006037089973688126,
            0.10781872272491455,
            0.054685935378074646
        ],
        "coil3": [
            -0.07365894317626953,
            -0.01471450924873352,
            0.013296232558786869
        ],
        "coil4": [
            0.07411734014749527,
            -0.018674999475479126,
            0.0116353714838624
        ],
        "coil5": [
            0.05224233120679855,
            0.08621078729629517,
            0.047857124358415604
        ]
    },
    "HeadCoilCoordinateSystem": "RAS",
    "HeadCoilCoordinateUnits": "m"
}
