{
    "MEGCoordinateSystem": "Elekta",
    "MEGCoordinateUnits": "m",
    "HeadCoilCoordinates": {
        "NAS": [
            6.51925802230835e-09,
            0.09335926175117493,
            -1.4901161193847656e-08
        ],
        "LPA": [
            -0.0692645013332367,
            0.0,
            -7.450580596923828e-09
        ],
        "RPA": [
            0.0719560831785202,
            2.9802322387695312e-08,
            0.0
        ],
        "coil1": [
            0.07303427159786224,
            -0.022197753190994263,
            0.0168815478682518
        ],
        "coil2": [
            0.059976350516080856,
            0.06773439049720764,
            0.06912270188331604
        ],
        "coil3": [
            -0.001239114091731608,
            0.10477611422538757,
            0.07071177661418915
        ],
        "coil4": [
            -0.05824767053127289,
            0.07800513505935669,
            0.056854188442230225
        ],
        "coil5": [
            -0.07375743985176086,
            -0.017033278942108154,
            0.02037271112203598
        ]
    },
    "HeadCoilCoordinateSystem": "RAS",
    "HeadCoilCoordinateUnits": "m"
}
