{
    "MEGCoordinateSystem": "Elekta",
    "MEGCoordinateUnits": "m",
    "HeadCoilCoordinates": {
        "NAS": [
            -9.313225746154785e-10,
            0.09625422954559326,
            0.0
        ],
        "LPA": [
            -0.0657118484377861,
            0.0,
            -1.4901161193847656e-08
        ],
        "RPA": [
            0.06355218589305878,
            0.0,
            -1.4901161193847656e-08
        ],
        "coil1": [
            -0.07224094867706299,
            -0.016696840524673462,
            0.018735401332378387
        ],
        "coil2": [
            -0.05123583599925041,
            0.060401082038879395,
            0.0778609961271286
        ],
        "coil3": [
            -0.0009693859610706568,
            0.09852415323257446,
            0.07095642387866974
        ],
        "coil4": [
            0.05071307718753815,
            0.06410056352615356,
            0.07612378150224686
        ],
        "coil5": [
            0.0699528306722641,
            -0.018672317266464233,
            0.019778423011302948
        ]
    },
    "HeadCoilCoordinateSystem": "RAS",
    "HeadCoilCoordinateUnits": "m"
}
