{
    "MEGCoordinateSystem": "Elekta",
    "MEGCoordinateUnits": "m",
    "HeadCoilCoordinates": {
        "NAS": [
            4.6566128730773926e-09,
            0.10228553414344788,
            0.0
        ],
        "LPA": [
            -0.06212124601006508,
            5.960464477539063e-08,
            1.4901161193847656e-08
        ],
        "RPA": [
            0.0648573711514473,
            2.9802322387695312e-08,
            1.4901161193847656e-08
        ],
        "coil1": [
            -0.061857059597969055,
            -0.022851556539535522,
            0.014797606505453587
        ],
        "coil2": [
            -0.05422791838645935,
            0.08626797795295715,
            0.04434584453701973
        ],
        "coil3": [
            0.00511891907081008,
            0.11492374539375305,
            0.05139733850955963
        ],
        "coil4": [
            0.058594588190317154,
            0.08076015114784241,
            0.033365149050951004
        ],
        "coil5": [
            0.06757800281047821,
            -0.017235934734344482,
            0.015741214156150818
        ]
    },
    "HeadCoilCoordinateSystem": "RAS",
    "HeadCoilCoordinateUnits": "m"
}
