{
    "MEGCoordinateSystem": "Elekta",
    "MEGCoordinateUnits": "m",
    "HeadCoilCoordinates": {
        "NAS": [
            -7.450580596923828e-09,
            0.10200873017311096,
            1.4901161193847656e-08
        ],
        "LPA": [
            -0.06826525926589966,
            0.0,
            7.450580596923828e-09
        ],
        "RPA": [
            0.07149560004472733,
            0.0,
            7.450580596923828e-09
        ],
        "coil1": [
            -0.0692020058631897,
            -0.019273968413472176,
            0.017466261982917786
        ],
        "coil2": [
            -0.060457997024059296,
            0.0719098150730133,
            0.06095999851822853
        ],
        "coil3": [
            -0.002463438082486391,
            0.1107155978679657,
            0.07091765850782394
        ],
        "coil4": [
            0.0634239986538887,
            0.072337806224823,
            0.06647434830665588
        ],
        "coil5": [
            0.07204188406467438,
            -0.0243984442204237,
            0.01006077229976654
        ]
    },
    "HeadCoilCoordinateSystem": "RAS",
    "HeadCoilCoordinateUnits": "m"
}
