{
    "MEGCoordinateSystem": "Elekta",
    "MEGCoordinateUnits": "m",
    "HeadCoilCoordinates": {
        "NAS": [
            -4.656612873077393e-10,
            0.09225195646286011,
            -1.4901161193847656e-08
        ],
        "LPA": [
            -0.0645296648144722,
            2.9802322387695312e-08,
            -1.1175870895385742e-08
        ],
        "RPA": [
            0.06400950998067856,
            0.0,
            -1.4901161193847656e-08
        ],
        "coil1": [
            0.0021460410207509995,
            0.10997065901756287,
            0.06025579944252968
        ],
        "coil2": [
            -0.04470175504684448,
            0.09012508392333984,
            0.047239091247320175
        ],
        "coil3": [
            -0.06960893422365189,
            -0.016102701425552368,
            0.01759735494852066
        ],
        "coil4": [
            0.06637956947088242,
            -0.024560807272791862,
            0.018296465277671814
        ],
        "coil5": [
            0.04968196898698807,
            0.08826825022697449,
            0.058154910802841187
        ]
    },
    "HeadCoilCoordinateSystem": "RAS",
    "HeadCoilCoordinateUnits": "m"
}
