{
    "MEGCoordinateSystem": "Elekta",
    "MEGCoordinateUnits": "m",
    "HeadCoilCoordinates": {
        "NAS": [
            -1.862645149230957e-09,
            0.09944292902946472,
            -7.450580596923828e-09
        ],
        "LPA": [
            -0.064584881067276,
            0.0,
            -7.450580596923828e-09
        ],
        "RPA": [
            0.0624636746942997,
            0.0,
            0.0
        ],
        "coil1": [
            -0.04199118912220001,
            0.09104979038238525,
            0.06402837485074997
        ],
        "coil2": [
            0.0052544306963682175,
            0.10921567678451538,
            0.06391611695289612
        ],
        "coil3": [
            0.04941362887620926,
            0.08444482088088989,
            0.05547318607568741
        ],
        "coil4": [
            -0.0693705752491951,
            -0.011954694986343384,
            0.02199845016002655
        ],
        "coil5": [
            0.06658579409122467,
            -0.01968631148338318,
            0.016633018851280212
        ]
    },
    "HeadCoilCoordinateSystem": "RAS",
    "HeadCoilCoordinateUnits": "m"
}
