{
    "MEGCoordinateSystem": "Elekta",
    "MEGCoordinateUnits": "m",
    "HeadCoilCoordinates": {
        "NAS": [
            0.0,
            0.09937921166419983,
            -1.4901161193847656e-08
        ],
        "LPA": [
            -0.07352583110332489,
            0.0,
            0.0
        ],
        "RPA": [
            0.07511401176452637,
            0.0,
            0.0
        ],
        "coil1": [
            -0.0016618280205875635,
            0.10458964109420776,
            0.04867057502269745
        ],
        "coil2": [
            -0.04739248380064964,
            0.09301942586898804,
            0.048154316842556
        ],
        "coil3": [
            -0.07603201270103455,
            -0.019205449149012566,
            0.019892282783985138
        ],
        "coil4": [
            0.07918529212474823,
            -0.014912605285644531,
            0.024219736456871033
        ],
        "coil5": [
            0.03922586888074875,
            0.09626135230064392,
            0.051369741559028625
        ]
    },
    "HeadCoilCoordinateSystem": "RAS",
    "HeadCoilCoordinateUnits": "m"
}
