{
    "MEGCoordinateSystem": "Elekta",
    "MEGCoordinateUnits": "m",
    "HeadCoilCoordinates": {
        "NAS": [
            5.587935447692871e-09,
            0.10056370496749878,
            0.0
        ],
        "LPA": [
            -0.07669194042682648,
            -2.9802322387695312e-08,
            0.0
        ],
        "RPA": [
            0.07599373161792755,
            -2.9802322387695312e-08,
            7.450580596923828e-09
        ],
        "coil1": [
            0.0026402859948575497,
            0.1115284264087677,
            0.06827640533447266
        ],
        "coil2": [
            -0.045651890337467194,
            0.09284421801567078,
            0.06037063151597977
        ],
        "coil3": [
            -0.07863786071538925,
            -0.020939767360687256,
            0.01401326060295105
        ],
        "coil4": [
            0.0777500569820404,
            -0.025127261877059937,
            0.012808083556592464
        ],
        "coil5": [
            0.04270196333527565,
            0.09330770373344421,
            0.06804154068231583
        ]
    },
    "HeadCoilCoordinateSystem": "RAS",
    "HeadCoilCoordinateUnits": "m"
}
