{
    "MEGCoordinateSystem": "Elekta",
    "MEGCoordinateUnits": "m",
    "HeadCoilCoordinates": {
        "NAS": [
            -1.4901161193847656e-08,
            0.100404292345047,
            0.0
        ],
        "LPA": [
            -0.07551812380552292,
            -2.9802322387695312e-08,
            0.0
        ],
        "RPA": [
            0.07539926469326019,
            -5.960464477539063e-08,
            0.0
        ],
        "coil1": [
            -0.05545990541577339,
            0.08325952291488647,
            0.050062116235494614
        ],
        "coil2": [
            0.0031495019793510437,
            0.10565730929374695,
            0.05479113757610321
        ],
        "coil3": [
            0.0627044215798378,
            0.07727470993995667,
            0.04879031330347061
        ],
        "coil4": [
            -0.0759175643324852,
            -0.0207555890083313,
            0.01982244849205017
        ],
        "coil5": [
            0.07514786720275879,
            -0.020329026505351067,
            0.022311680018901825
        ]
    },
    "HeadCoilCoordinateSystem": "RAS",
    "HeadCoilCoordinateUnits": "m"
}
