{
    "MEGCoordinateSystem": "Elekta",
    "MEGCoordinateUnits": "m",
    "HeadCoilCoordinates": {
        "NAS": [
            -4.6566128730773926e-09,
            0.0960218608379364,
            1.4901161193847656e-08
        ],
        "LPA": [
            -0.07173167914152145,
            0.0,
            -7.450580596923828e-09
        ],
        "RPA": [
            0.06964953243732452,
            -2.9802322387695312e-08,
            -7.450580596923828e-09
        ],
        "coil1": [
            -0.008101951330900192,
            0.09885075688362122,
            0.053714849054813385
        ],
        "coil2": [
            -0.04964130371809006,
            0.08291712403297424,
            0.043099626898765564
        ],
        "coil3": [
            -0.07755337655544281,
            -0.018595635890960693,
            0.022643938660621643
        ],
        "coil4": [
            0.07321976870298386,
            -0.024965912103652954,
            0.021797075867652893
        ],
        "coil5": [
            0.0393928587436676,
            0.08931940793991089,
            0.05455780029296875
        ]
    },
    "HeadCoilCoordinateSystem": "RAS",
    "HeadCoilCoordinateUnits": "m"
}
