{
    "MEGCoordinateSystem": "Elekta",
    "MEGCoordinateUnits": "m",
    "HeadCoilCoordinates": {
        "NAS": [
            1.1175870895385742e-08,
            0.10270023345947266,
            7.450580596923828e-09
        ],
        "LPA": [
            -0.062111496925354004,
            0.0,
            7.450580596923828e-09
        ],
        "RPA": [
            0.06492557376623154,
            0.0,
            1.4901161193847656e-08
        ],
        "coil1": [
            -0.06193438544869423,
            -0.01775941252708435,
            0.011961429379880428
        ],
        "coil2": [
            -0.05823354795575142,
            0.08061110973358154,
            0.04396585375070572
        ],
        "coil3": [
            0.0021835709922015667,
            0.11484938859939575,
            0.05393706262111664
        ],
        "coil4": [
            0.055203378200531006,
            0.08619582653045654,
            0.038625650107860565
        ],
        "coil5": [
            0.06737344712018967,
            -0.020400583744049072,
            0.01499500498175621
        ]
    },
    "HeadCoilCoordinateSystem": "RAS",
    "HeadCoilCoordinateUnits": "m"
}
