{
    "MEGCoordinateSystem": "Elekta",
    "MEGCoordinateUnits": "m",
    "HeadCoilCoordinates": {
        "NAS": [
            1.1175870895385742e-08,
            0.09798082709312439,
            -7.450580596923828e-09
        ],
        "LPA": [
            -0.06861796975135803,
            0.0,
            -1.4901161193847656e-08
        ],
        "RPA": [
            0.06541231274604797,
            0.0,
            -1.4901161193847656e-08
        ],
        "coil1": [
            -0.00010590800229692832,
            0.10978936403989792,
            0.06246672570705414
        ],
        "coil2": [
            0.050514496862888336,
            0.08472049236297607,
            0.045836035162210464
        ],
        "coil3": [
            -0.0513048879802227,
            0.08542448282241821,
            0.052900731563568115
        ],
        "coil4": [
            -0.07003197818994522,
            -0.015521944500505924,
            0.021994149312376976
        ],
        "coil5": [
            0.06528189778327942,
            -0.01994076371192932,
            0.015676505863666534
        ]
    },
    "HeadCoilCoordinateSystem": "RAS",
    "HeadCoilCoordinateUnits": "m"
}
