{
    "MEGCoordinateSystem": "Elekta",
    "MEGCoordinateUnits": "m",
    "HeadCoilCoordinates": {
        "NAS": [
            7.450580596923828e-09,
            0.10055264830589294,
            -7.450580596923828e-09
        ],
        "LPA": [
            -0.06952563673257828,
            0.0,
            -3.725290298461914e-09
        ],
        "RPA": [
            0.07121836394071579,
            0.0,
            -3.725290298461914e-09
        ],
        "coil1": [
            0.001471932977437973,
            0.1100655198097229,
            0.062468111515045166
        ],
        "coil2": [
            -0.05086033418774605,
            0.08610057830810547,
            0.06189458817243576
        ],
        "coil3": [
            -0.06933413445949554,
            -0.021609900519251823,
            0.01564733311533928
        ],
        "coil4": [
            0.04579508304595947,
            0.09392297267913818,
            0.05744921416044235
        ],
        "coil5": [
            0.06949877738952637,
            -0.028128117322921753,
            0.004648509901016951
        ]
    },
    "HeadCoilCoordinateSystem": "RAS",
    "HeadCoilCoordinateUnits": "m"
}
