{
    "MEGCoordinateSystem": "Elekta",
    "MEGCoordinateUnits": "m",
    "HeadCoilCoordinates": {
        "NAS": [
            9.313225746154785e-09,
            0.0987517237663269,
            -7.450580596923828e-09
        ],
        "LPA": [
            -0.06957314908504486,
            0.0,
            0.0
        ],
        "RPA": [
            0.06863351166248322,
            2.9802322387695312e-08,
            0.0
        ],
        "coil1": [
            -0.05288010835647583,
            0.07610228657722473,
            0.05054284259676933
        ],
        "coil2": [
            -0.005905437748879194,
            0.10269400477409363,
            0.062264129519462585
        ],
        "coil3": [
            0.053665921092033386,
            0.07609936594963074,
            0.053553640842437744
        ],
        "coil4": [
            -0.06804518401622772,
            -0.023407280445098877,
            0.016055557876825333
        ],
        "coil5": [
            0.06872786581516266,
            -0.016636639833450317,
            0.01829870417714119
        ]
    },
    "HeadCoilCoordinateSystem": "RAS",
    "HeadCoilCoordinateUnits": "m"
}
