{
    "MEGCoordinateSystem": "Elekta",
    "MEGCoordinateUnits": "m",
    "HeadCoilCoordinates": {
        "NAS": [
            0.0,
            0.08848869800567627,
            0.0
        ],
        "LPA": [
            -0.06434296071529388,
            0.0,
            0.0
        ],
        "RPA": [
            0.06717659533023834,
            0.0,
            0.0
        ],
        "coil1": [
            0.002935010939836502,
            0.09914526343345642,
            0.06507742404937744
        ],
        "coil2": [
            -0.046237148344516754,
            0.07994207739830017,
            0.06255518645048141
        ],
        "coil3": [
            0.049288492649793625,
            0.0808556079864502,
            0.0562884658575058
        ],
        "coil4": [
            -0.0680622011423111,
            -0.015052929520606995,
            0.016158536076545715
        ],
        "coil5": [
            0.06988400220870972,
            -0.019773676991462708,
            0.012050703167915344
        ]
    },
    "HeadCoilCoordinateSystem": "RAS",
    "HeadCoilCoordinateUnits": "m"
}
