{
    "MEGCoordinateSystem": "Elekta",
    "MEGCoordinateUnits": "m",
    "HeadCoilCoordinates": {
        "NAS": [
            3.725290298461914e-09,
            0.10181379318237305,
            0.0
        ],
        "LPA": [
            -0.07175718247890472,
            -2.9802322387695312e-08,
            -7.450580596923828e-09
        ],
        "RPA": [
            0.07401339709758759,
            -2.9802322387695312e-08,
            -7.450580596923828e-09
        ],
        "coil1": [
            -0.07702723145484924,
            -0.017336219549179077,
            0.018589086830615997
        ],
        "coil2": [
            -0.049171581864356995,
            0.08475598692893982,
            0.05251137167215347
        ],
        "coil3": [
            -0.0030354431364685297,
            0.10133755207061768,
            0.06174055486917496
        ],
        "coil4": [
            0.04411504417657852,
            0.08927890658378601,
            0.05259837955236435
        ],
        "coil5": [
            0.07773147523403168,
            -0.015476971864700317,
            0.02072002738714218
        ]
    },
    "HeadCoilCoordinateSystem": "RAS",
    "HeadCoilCoordinateUnits": "m"
}
