{
    "MEGCoordinateSystem": "Elekta",
    "MEGCoordinateUnits": "m",
    "HeadCoilCoordinates": {
        "NAS": [
            -3.725290298461914e-09,
            0.09692433476448059,
            -1.4901161193847656e-08
        ],
        "LPA": [
            -0.0703025758266449,
            2.9802322387695312e-08,
            -1.4901161193847656e-08
        ],
        "RPA": [
            0.06925857067108154,
            0.0,
            -1.4901161193847656e-08
        ],
        "coil1": [
            -0.05083406716585159,
            0.0816686749458313,
            0.054688066244125366
        ],
        "coil2": [
            -0.002192238112911582,
            0.10918745398521423,
            0.05600341409444809
        ],
        "coil3": [
            0.05254598334431648,
            0.08286842703819275,
            0.05344506353139877
        ],
        "coil4": [
            -0.07103581726551056,
            -0.023619920015335083,
            0.016821451485157013
        ],
        "coil5": [
            0.06956715881824493,
            -0.021161526441574097,
            0.01245440449565649
        ]
    },
    "HeadCoilCoordinateSystem": "RAS",
    "HeadCoilCoordinateUnits": "m"
}
