{
    "MEGCoordinateSystem": "Elekta",
    "MEGCoordinateUnits": "m",
    "HeadCoilCoordinates": {
        "NAS": [
            -5.820766091346741e-09,
            0.09709848463535309,
            0.0
        ],
        "LPA": [
            -0.06531195342540741,
            1.4901161193847656e-08,
            0.0
        ],
        "RPA": [
            0.06451013684272766,
            1.4901161193847656e-08,
            3.725290298461914e-09
        ],
        "coil1": [
            -0.0732082650065422,
            -0.010641857981681824,
            0.020407769829034805
        ],
        "coil2": [
            -0.053855832666158676,
            0.08137914538383484,
            0.06323584169149399
        ],
        "coil3": [
            0.0005936879897490144,
            0.10222810506820679,
            0.07121297717094421
        ],
        "coil4": [
            0.0532851405441761,
            0.07665315270423889,
            0.06637543439865112
        ],
        "coil5": [
            0.06995885819196701,
            -0.012834027409553528,
            0.01870281621813774
        ]
    },
    "HeadCoilCoordinateSystem": "RAS",
    "HeadCoilCoordinateUnits": "m"
}
