{
    "MEGCoordinateSystem": "Elekta",
    "MEGCoordinateUnits": "m",
    "HeadCoilCoordinates": {
        "NAS": [
            8.381903171539307e-09,
            0.10103386640548706,
            0.0
        ],
        "LPA": [
            -0.0648854523897171,
            0.0,
            0.0
        ],
        "RPA": [
            0.0630074143409729,
            1.4901161193847656e-08,
            0.0
        ],
        "coil1": [
            0.004342061001807451,
            0.11138755083084106,
            0.06109308451414108
        ],
        "coil2": [
            -0.04846321791410446,
            0.087155282497406,
            0.05529952794313431
        ],
        "coil3": [
            0.054295703768730164,
            0.0779198706150055,
            0.053505100309848785
        ],
        "coil4": [
            -0.06737002730369568,
            -0.018947362899780273,
            0.015877917408943176
        ],
        "coil5": [
            0.06662370264530182,
            -0.020846351981163025,
            0.017445912584662437
        ]
    },
    "HeadCoilCoordinateSystem": "RAS",
    "HeadCoilCoordinateUnits": "m"
}
