{
    "MEGCoordinateSystem": "Elekta",
    "MEGCoordinateUnits": "m",
    "HeadCoilCoordinates": {
        "NAS": [
            1.862645149230957e-09,
            0.08965229988098145,
            7.450580596923828e-09
        ],
        "LPA": [
            -0.06319218128919601,
            -2.9802322387695312e-08,
            0.0
        ],
        "RPA": [
            0.0664786547422409,
            0.0,
            0.0
        ],
        "coil1": [
            -0.04995017498731613,
            0.07930134981870651,
            0.056880295276641846
        ],
        "coil2": [
            -0.0003527329827193171,
            0.10246703028678894,
            0.0612412765622139
        ],
        "coil3": [
            0.04984559118747711,
            0.08333715796470642,
            0.058415137231349945
        ],
        "coil4": [
            -0.06499093025922775,
            -0.01831740140914917,
            0.012497242540121078
        ],
        "coil5": [
            0.07121407240629196,
            -0.020691007375717163,
            0.013660219497978687
        ]
    },
    "HeadCoilCoordinateSystem": "RAS",
    "HeadCoilCoordinateUnits": "m"
}
